sku,title,description,category,material,origin_district,price_rwf,artisan_id
SKU-1000,Kigali Leather Boots,Handcrafted leather boots for men and women. leather boots shoes cowhide footwear. leather boots shoes sandals bag handbag belt wallet purse cowhide jacket backpack,leather,Leather,Gicumbi,19592,ART-2
SKU-1001,Nyamirambo Leather Sandals,Traditional sandals made from genuine cowhide. leather sandals open shoes. leather boots shoes sandals bag handbag belt wallet purse cowhide jacket backpack,leather,Leather,Gicumbi,41048,ART-16
SKU-1002,Kigali Leather Handbag,Premium leather handbag shoulder bag purse women accessory. leather boots shoes sandals bag handbag belt wallet purse cowhide jacket backpack,leather,Leather,Bugesera,23289,ART-48
SKU-1003,Huye Leather Belt,Genuine leather belt cowhide strap men accessory. leather boots shoes sandals bag handbag belt wallet purse cowhide jacket backpack,leather,Leather,Kigali,16395,ART-38
SKU-1004,Musanze Leather Wallet,Slim leather wallet card holder purse men women. leather boots shoes sandals bag handbag belt wallet purse cowhide jacket backpack,leather,Leather,Rubavu,9165,ART-2
SKU-1005,Kigali Leather Shoes,Formal leather shoes loafers dress shoes men women. leather boots shoes sandals bag handbag belt wallet purse cowhide jacket backpack,leather,Leather,Kigali,33657,ART-15
SKU-1006,Rubavu Leather Jacket,Handmade leather jacket coat men women fashion. leather boots shoes sandals bag handbag belt wallet purse cowhide jacket backpack,leather,Leather,Huye,8478,ART-36
SKU-1007,Gicumbi Leather Backpack,Leather backpack travel bag school bag unisex. leather boots shoes sandals bag handbag belt wallet purse cowhide jacket backpack,leather,Leather,Bugesera,59987,ART-15
SKU-1008,Agaseke Peace Basket,Traditional agaseke basket woven peace basket Rwanda tressé panier. basket agaseke woven sisal weave tray bowl storage decor tressé panier,basketry,Sisal,Rubavu,41463,ART-1
SKU-1009,Musanze Sisal Storage Basket,Handwoven sisal basket storage basket home decor woven tressé. basket agaseke woven sisal weave tray bowl storage decor tressé panier,basketry,Sisal,Bugesera,60392,ART-22
SKU-1010,Gicumbi Woven Tray,Decorative woven tray sisal placemat table decor panier. basket agaseke woven sisal weave tray bowl storage decor tressé panier,basketry,Sisal,Musanze,25379,ART-14
SKU-1011,Bugesera Fruit Basket,Woven fruit basket kitchen basket bowl sisal agaseke. basket agaseke woven sisal weave tray bowl storage decor tressé panier,basketry,Sisal,Musanze,18396,ART-6
SKU-1012,Huye Market Basket,Large woven market basket sisal carry bag tressé panier. basket agaseke woven sisal weave tray bowl storage decor tressé panier,basketry,Sisal,Rubavu,17676,ART-23
SKU-1013,Rubavu Decorative Bowl,Handwoven decorative bowl sisal basket home decor woven. basket agaseke woven sisal weave tray bowl storage decor tressé panier,basketry,Sisal,Musanze,39671,ART-3
SKU-1014,Kitenge Dress Kigali,Traditional African dress kitenge fabric women clothing fashion. dress shirt clothing apparel fabric kitenge cotton jacket skirt blouse top dashiki,apparel,Cotton,Gicumbi,65217,ART-35
SKU-1015,Rwandan Cotton Shirt,Handmade cotton shirt men top African print blouse. dress shirt clothing apparel fabric kitenge cotton jacket skirt blouse top dashiki,apparel,Cotton,Kigali,54615,ART-6
SKU-1016,Musanze Wrap Skirt,Cotton wrap skirt kitenge women fashion clothing. dress shirt clothing apparel fabric kitenge cotton jacket skirt blouse top dashiki,apparel,Cotton,Huye,43427,ART-41
SKU-1017,Rubavu Linen Jacket,Lightweight jacket cotton blazer men clothing. dress shirt clothing apparel fabric kitenge cotton jacket skirt blouse top dashiki,apparel,Cotton,Huye,52400,ART-37
SKU-1018,Huye African Print Top,African print top blouse women kitenge fashion. dress shirt clothing apparel fabric kitenge cotton jacket skirt blouse top dashiki,apparel,Cotton,Bugesera,14116,ART-3
SKU-1019,Kigali Dashiki Shirt,Dashiki shirt African men clothing cotton print. dress shirt clothing apparel fabric kitenge cotton jacket skirt blouse top dashiki,apparel,Cotton,Gicumbi,34871,ART-50
SKU-1020,Bugesera Cotton Dress,Cotton dress women African fashion clothing kitenge. dress shirt clothing apparel fabric kitenge cotton jacket skirt blouse top dashiki,apparel,Cotton,Musanze,15458,ART-15
SKU-1021,Beaded Necklace Kigali,Handmade beaded necklace African jewelry women accessory. necklace bracelet earrings ring jewelry jewellery beads accessory anklet choker,jewellery,Beads,Kigali,54823,ART-18
SKU-1022,Rwandan Bead Bracelet,Traditional bead bracelet wrist jewelry colorful beads. necklace bracelet earrings ring jewelry jewellery beads accessory anklet choker,jewellery,Beads,Rubavu,52819,ART-11
SKU-1023,Huye Bead Earrings,Handcrafted bead earrings African earrings jewelry women. necklace bracelet earrings ring jewelry jewellery beads accessory anklet choker,jewellery,Beads,Musanze,51566,ART-14
SKU-1024,Gicumbi Bead Ring,Beaded ring finger jewelry handmade accessory. necklace bracelet earrings ring jewelry jewellery beads accessory anklet choker,jewellery,Beads,Gicumbi,39993,ART-45
SKU-1025,Musanze Beaded Anklet,Handmade beaded anklet ankle jewelry women accessory beads. necklace bracelet earrings ring jewelry jewellery beads accessory anklet choker,jewellery,Beads,Gicumbi,14358,ART-39
SKU-1026,Kigali Bead Choker,Beaded choker necklace jewelry women African accessory. necklace bracelet earrings ring jewelry jewellery beads accessory anklet choker,jewellery,Beads,Gicumbi,27431,ART-35
SKU-1027,Clay Vase Bugesera,Handmade clay vase pottery home decoration Rwanda. vase bowl sculpture decoration pottery clay wood home decor art ceramic candle,home-decor,Clay,Gicumbi,37087,ART-11
SKU-1028,Rwandan Clay Bowl,Traditional clay bowl ceramic pot kitchen decor. vase bowl sculpture decoration pottery clay wood home decor art ceramic candle,home-decor,Clay,Rubavu,54735,ART-18
SKU-1029,Musanze Wood Sculpture,Hand-carved wood sculpture home decor art Rwanda. vase bowl sculpture decoration pottery clay wood home decor art ceramic candle,home-decor,Clay,Gicumbi,33785,ART-44
SKU-1030,Agaseke Wall Hanging,Decorative woven wall art sisal hanging home decor. vase bowl sculpture decoration pottery clay wood home decor art ceramic candle,home-decor,Clay,Musanze,12331,ART-15
SKU-1031,Kigali Ceramic Plate,Handmade ceramic plate clay pottery home decor. vase bowl sculpture decoration pottery clay wood home decor art ceramic candle,home-decor,Clay,Kigali,46347,ART-26
SKU-1032,Huye Woven Placemat,Handwoven sisal placemat table decor woven basket. vase bowl sculpture decoration pottery clay wood home decor art ceramic candle,home-decor,Clay,Musanze,13675,ART-14
SKU-1033,Rubavu Clay Candle Holder,Clay candle holder pottery home decor Rwanda handmade. vase bowl sculpture decoration pottery clay wood home decor art ceramic candle,home-decor,Clay,Huye,46245,ART-14
SKU-1034,Kigali Leather Boots,Handcrafted leather boots for men and women. leather boots shoes cowhide footwear. leather boots shoes sandals bag handbag belt wallet purse cowhide jacket backpack,leather,Leather,Gicumbi,70435,ART-26
SKU-1035,Nyamirambo Leather Sandals,Traditional sandals made from genuine cowhide. leather sandals open shoes. leather boots shoes sandals bag handbag belt wallet purse cowhide jacket backpack,leather,Leather,Gicumbi,65142,ART-10
SKU-1036,Kigali Leather Handbag,Premium leather handbag shoulder bag purse women accessory. leather boots shoes sandals bag handbag belt wallet purse cowhide jacket backpack,leather,Leather,Musanze,23301,ART-16
SKU-1037,Huye Leather Belt,Genuine leather belt cowhide strap men accessory. leather boots shoes sandals bag handbag belt wallet purse cowhide jacket backpack,leather,Leather,Gicumbi,39438,ART-48
SKU-1038,Musanze Leather Wallet,Slim leather wallet card holder purse men women. leather boots shoes sandals bag handbag belt wallet purse cowhide jacket backpack,leather,Leather,Huye,61155,ART-38
SKU-1039,Kigali Leather Shoes,Formal leather shoes loafers dress shoes men women. leather boots shoes sandals bag handbag belt wallet purse cowhide jacket backpack,leather,Leather,Rubavu,52447,ART-15
SKU-1040,Rubavu Leather Jacket,Handmade leather jacket coat men women fashion. leather boots shoes sandals bag handbag belt wallet purse cowhide jacket backpack,leather,Leather,Bugesera,71784,ART-32
SKU-1041,Gicumbi Leather Backpack,Leather backpack travel bag school bag unisex. leather boots shoes sandals bag handbag belt wallet purse cowhide jacket backpack,leather,Leather,Kigali,11175,ART-8
SKU-1042,Agaseke Peace Basket,Traditional agaseke basket woven peace basket Rwanda tressé panier. basket agaseke woven sisal weave tray bowl storage decor tressé panier,basketry,Sisal,Bugesera,25969,ART-44
SKU-1043,Musanze Sisal Storage Basket,Handwoven sisal basket storage basket home decor woven tressé. basket agaseke woven sisal weave tray bowl storage decor tressé panier,basketry,Sisal,Rubavu,13326,ART-25
SKU-1044,Gicumbi Woven Tray,Decorative woven tray sisal placemat table decor panier. basket agaseke woven sisal weave tray bowl storage decor tressé panier,basketry,Sisal,Rubavu,66348,ART-34
SKU-1045,Bugesera Fruit Basket,Woven fruit basket kitchen basket bowl sisal agaseke. basket agaseke woven sisal weave tray bowl storage decor tressé panier,basketry,Sisal,Musanze,6504,ART-44
SKU-1046,Huye Market Basket,Large woven market basket sisal carry bag tressé panier. basket agaseke woven sisal weave tray bowl storage decor tressé panier,basketry,Sisal,Gicumbi,20014,ART-44
SKU-1047,Rubavu Decorative Bowl,Handwoven decorative bowl sisal basket home decor woven. basket agaseke woven sisal weave tray bowl storage decor tressé panier,basketry,Sisal,Huye,39973,ART-50
SKU-1048,Kitenge Dress Kigali,Traditional African dress kitenge fabric women clothing fashion. dress shirt clothing apparel fabric kitenge cotton jacket skirt blouse top dashiki,apparel,Cotton,Gicumbi,49587,ART-8
SKU-1049,Rwandan Cotton Shirt,Handmade cotton shirt men top African print blouse. dress shirt clothing apparel fabric kitenge cotton jacket skirt blouse top dashiki,apparel,Cotton,Musanze,61985,ART-11
SKU-1050,Musanze Wrap Skirt,Cotton wrap skirt kitenge women fashion clothing. dress shirt clothing apparel fabric kitenge cotton jacket skirt blouse top dashiki,apparel,Cotton,Rubavu,5425,ART-47
SKU-1051,Rubavu Linen Jacket,Lightweight jacket cotton blazer men clothing. dress shirt clothing apparel fabric kitenge cotton jacket skirt blouse top dashiki,apparel,Cotton,Gicumbi,39522,ART-33
SKU-1052,Huye African Print Top,African print top blouse women kitenge fashion. dress shirt clothing apparel fabric kitenge cotton jacket skirt blouse top dashiki,apparel,Cotton,Bugesera,71542,ART-7
SKU-1053,Kigali Dashiki Shirt,Dashiki shirt African men clothing cotton print. dress shirt clothing apparel fabric kitenge cotton jacket skirt blouse top dashiki,apparel,Cotton,Gicumbi,44117,ART-41
SKU-1054,Bugesera Cotton Dress,Cotton dress women African fashion clothing kitenge. dress shirt clothing apparel fabric kitenge cotton jacket skirt blouse top dashiki,apparel,Cotton,Huye,31071,ART-10
SKU-1055,Beaded Necklace Kigali,Handmade beaded necklace African jewelry women accessory. necklace bracelet earrings ring jewelry jewellery beads accessory anklet choker,jewellery,Beads,Musanze,26174,ART-35
SKU-1056,Rwandan Bead Bracelet,Traditional bead bracelet wrist jewelry colorful beads. necklace bracelet earrings ring jewelry jewellery beads accessory anklet choker,jewellery,Beads,Huye,5074,ART-39
SKU-1057,Huye Bead Earrings,Handcrafted bead earrings African earrings jewelry women. necklace bracelet earrings ring jewelry jewellery beads accessory anklet choker,jewellery,Beads,Musanze,69042,ART-2
SKU-1058,Gicumbi Bead Ring,Beaded ring finger jewelry handmade accessory. necklace bracelet earrings ring jewelry jewellery beads accessory anklet choker,jewellery,Beads,Kigali,52576,ART-20
SKU-1059,Musanze Beaded Anklet,Handmade beaded anklet ankle jewelry women accessory beads. necklace bracelet earrings ring jewelry jewellery beads accessory anklet choker,jewellery,Beads,Bugesera,12592,ART-16
SKU-1060,Kigali Bead Choker,Beaded choker necklace jewelry women African accessory. necklace bracelet earrings ring jewelry jewellery beads accessory anklet choker,jewellery,Beads,Huye,15322,ART-6
SKU-1061,Clay Vase Bugesera,Handmade clay vase pottery home decoration Rwanda. vase bowl sculpture decoration pottery clay wood home decor art ceramic candle,home-decor,Clay,Gicumbi,68699,ART-5
SKU-1062,Rwandan Clay Bowl,Traditional clay bowl ceramic pot kitchen decor. vase bowl sculpture decoration pottery clay wood home decor art ceramic candle,home-decor,Clay,Huye,21483,ART-9
SKU-1063,Musanze Wood Sculpture,Hand-carved wood sculpture home decor art Rwanda. vase bowl sculpture decoration pottery clay wood home decor art ceramic candle,home-decor,Clay,Gicumbi,67296,ART-36
SKU-1064,Agaseke Wall Hanging,Decorative woven wall art sisal hanging home decor. vase bowl sculpture decoration pottery clay wood home decor art ceramic candle,home-decor,Clay,Bugesera,39741,ART-34
SKU-1065,Kigali Ceramic Plate,Handmade ceramic plate clay pottery home decor. vase bowl sculpture decoration pottery clay wood home decor art ceramic candle,home-decor,Clay,Huye,60461,ART-14
SKU-1066,Huye Woven Placemat,Handwoven sisal placemat table decor woven basket. vase bowl sculpture decoration pottery clay wood home decor art ceramic candle,home-decor,Clay,Huye,31365,ART-46
SKU-1067,Rubavu Clay Candle Holder,Clay candle holder pottery home decor Rwanda handmade. vase bowl sculpture decoration pottery clay wood home decor art ceramic candle,home-decor,Clay,Musanze,57296,ART-43
SKU-1068,Kigali Leather Boots,Handcrafted leather boots for men and women. leather boots shoes cowhide footwear. leather boots shoes sandals bag handbag belt wallet purse cowhide jacket backpack,leather,Leather,Gicumbi,53944,ART-29
SKU-1069,Nyamirambo Leather Sandals,Traditional sandals made from genuine cowhide. leather sandals open shoes. leather boots shoes sandals bag handbag belt wallet purse cowhide jacket backpack,leather,Leather,Huye,64177,ART-8
SKU-1070,Kigali Leather Handbag,Premium leather handbag shoulder bag purse women accessory. leather boots shoes sandals bag handbag belt wallet purse cowhide jacket backpack,leather,Leather,Bugesera,34451,ART-5
SKU-1071,Huye Leather Belt,Genuine leather belt cowhide strap men accessory. leather boots shoes sandals bag handbag belt wallet purse cowhide jacket backpack,leather,Leather,Musanze,7757,ART-38
SKU-1072,Musanze Leather Wallet,Slim leather wallet card holder purse men women. leather boots shoes sandals bag handbag belt wallet purse cowhide jacket backpack,leather,Leather,Huye,35161,ART-38
SKU-1073,Kigali Leather Shoes,Formal leather shoes loafers dress shoes men women. leather boots shoes sandals bag handbag belt wallet purse cowhide jacket backpack,leather,Leather,Bugesera,5942,ART-5
SKU-1074,Rubavu Leather Jacket,Handmade leather jacket coat men women fashion. leather boots shoes sandals bag handbag belt wallet purse cowhide jacket backpack,leather,Leather,Gicumbi,12716,ART-15
SKU-1075,Gicumbi Leather Backpack,Leather backpack travel bag school bag unisex. leather boots shoes sandals bag handbag belt wallet purse cowhide jacket backpack,leather,Leather,Kigali,9117,ART-22
SKU-1076,Agaseke Peace Basket,Traditional agaseke basket woven peace basket Rwanda tressé panier. basket agaseke woven sisal weave tray bowl storage decor tressé panier,basketry,Sisal,Kigali,72391,ART-16
SKU-1077,Musanze Sisal Storage Basket,Handwoven sisal basket storage basket home decor woven tressé. basket agaseke woven sisal weave tray bowl storage decor tressé panier,basketry,Sisal,Musanze,68624,ART-14
SKU-1078,Gicumbi Woven Tray,Decorative woven tray sisal placemat table decor panier. basket agaseke woven sisal weave tray bowl storage decor tressé panier,basketry,Sisal,Huye,22342,ART-47
SKU-1079,Bugesera Fruit Basket,Woven fruit basket kitchen basket bowl sisal agaseke. basket agaseke woven sisal weave tray bowl storage decor tressé panier,basketry,Sisal,Huye,66953,ART-16
SKU-1080,Huye Market Basket,Large woven market basket sisal carry bag tressé panier. basket agaseke woven sisal weave tray bowl storage decor tressé panier,basketry,Sisal,Rubavu,58354,ART-13
SKU-1081,Rubavu Decorative Bowl,Handwoven decorative bowl sisal basket home decor woven. basket agaseke woven sisal weave tray bowl storage decor tressé panier,basketry,Sisal,Kigali,17704,ART-43
SKU-1082,Kitenge Dress Kigali,Traditional African dress kitenge fabric women clothing fashion. dress shirt clothing apparel fabric kitenge cotton jacket skirt blouse top dashiki,apparel,Cotton,Rubavu,51438,ART-28
SKU-1083,Rwandan Cotton Shirt,Handmade cotton shirt men top African print blouse. dress shirt clothing apparel fabric kitenge cotton jacket skirt blouse top dashiki,apparel,Cotton,Rubavu,66213,ART-47
SKU-1084,Musanze Wrap Skirt,Cotton wrap skirt kitenge women fashion clothing. dress shirt clothing apparel fabric kitenge cotton jacket skirt blouse top dashiki,apparel,Cotton,Kigali,17899,ART-4
SKU-1085,Rubavu Linen Jacket,Lightweight jacket cotton blazer men clothing. dress shirt clothing apparel fabric kitenge cotton jacket skirt blouse top dashiki,apparel,Cotton,Rubavu,49473,ART-7
SKU-1086,Huye African Print Top,African print top blouse women kitenge fashion. dress shirt clothing apparel fabric kitenge cotton jacket skirt blouse top dashiki,apparel,Cotton,Bugesera,30112,ART-13
SKU-1087,Kigali Dashiki Shirt,Dashiki shirt African men clothing cotton print. dress shirt clothing apparel fabric kitenge cotton jacket skirt blouse top dashiki,apparel,Cotton,Huye,63800,ART-9
SKU-1088,Bugesera Cotton Dress,Cotton dress women African fashion clothing kitenge. dress shirt clothing apparel fabric kitenge cotton jacket skirt blouse top dashiki,apparel,Cotton,Rubavu,29050,ART-18
SKU-1089,Beaded Necklace Kigali,Handmade beaded necklace African jewelry women accessory. necklace bracelet earrings ring jewelry jewellery beads accessory anklet choker,jewellery,Beads,Rubavu,37742,ART-5
SKU-1090,Rwandan Bead Bracelet,Traditional bead bracelet wrist jewelry colorful beads. necklace bracelet earrings ring jewelry jewellery beads accessory anklet choker,jewellery,Beads,Rubavu,17833,ART-4
SKU-1091,Huye Bead Earrings,Handcrafted bead earrings African earrings jewelry women. necklace bracelet earrings ring jewelry jewellery beads accessory anklet choker,jewellery,Beads,Gicumbi,6934,ART-6
SKU-1092,Gicumbi Bead Ring,Beaded ring finger jewelry handmade accessory. necklace bracelet earrings ring jewelry jewellery beads accessory anklet choker,jewellery,Beads,Bugesera,26798,ART-27
SKU-1093,Musanze Beaded Anklet,Handmade beaded anklet ankle jewelry women accessory beads. necklace bracelet earrings ring jewelry jewellery beads accessory anklet choker,jewellery,Beads,Rubavu,68092,ART-14
SKU-1094,Kigali Bead Choker,Beaded choker necklace jewelry women African accessory. necklace bracelet earrings ring jewelry jewellery beads accessory anklet choker,jewellery,Beads,Rubavu,12685,ART-11
SKU-1095,Clay Vase Bugesera,Handmade clay vase pottery home decoration Rwanda. vase bowl sculpture decoration pottery clay wood home decor art ceramic candle,home-decor,Clay,Rubavu,5282,ART-25
SKU-1096,Rwandan Clay Bowl,Traditional clay bowl ceramic pot kitchen decor. vase bowl sculpture decoration pottery clay wood home decor art ceramic candle,home-decor,Clay,Musanze,64638,ART-19
SKU-1097,Musanze Wood Sculpture,Hand-carved wood sculpture home decor art Rwanda. vase bowl sculpture decoration pottery clay wood home decor art ceramic candle,home-decor,Clay,Rubavu,68788,ART-10
SKU-1098,Agaseke Wall Hanging,Decorative woven wall art sisal hanging home decor. vase bowl sculpture decoration pottery clay wood home decor art ceramic candle,home-decor,Clay,Bugesera,43890,ART-14
SKU-1099,Kigali Ceramic Plate,Handmade ceramic plate clay pottery home decor. vase bowl sculpture decoration pottery clay wood home decor art ceramic candle,home-decor,Clay,Kigali,12989,ART-48
SKU-1100,Huye Woven Placemat,Handwoven sisal placemat table decor woven basket. vase bowl sculpture decoration pottery clay wood home decor art ceramic candle,home-decor,Clay,Musanze,12492,ART-4
SKU-1101,Rubavu Clay Candle Holder,Clay candle holder pottery home decor Rwanda handmade. vase bowl sculpture decoration pottery clay wood home decor art ceramic candle,home-decor,Clay,Huye,67493,ART-33
SKU-1102,Kigali Leather Boots,Handcrafted leather boots for men and women. leather boots shoes cowhide footwear. leather boots shoes sandals bag handbag belt wallet purse cowhide jacket backpack,leather,Leather,Huye,25635,ART-4
SKU-1103,Nyamirambo Leather Sandals,Traditional sandals made from genuine cowhide. leather sandals open shoes. leather boots shoes sandals bag handbag belt wallet purse cowhide jacket backpack,leather,Leather,Huye,15500,ART-12
SKU-1104,Kigali Leather Handbag,Premium leather handbag shoulder bag purse women accessory. leather boots shoes sandals bag handbag belt wallet purse cowhide jacket backpack,leather,Leather,Kigali,13907,ART-44
SKU-1105,Huye Leather Belt,Genuine leather belt cowhide strap men accessory. leather boots shoes sandals bag handbag belt wallet purse cowhide jacket backpack,leather,Leather,Bugesera,57923,ART-8
SKU-1106,Musanze Leather Wallet,Slim leather wallet card holder purse men women. leather boots shoes sandals bag handbag belt wallet purse cowhide jacket backpack,leather,Leather,Huye,37271,ART-38
SKU-1107,Kigali Leather Shoes,Formal leather shoes loafers dress shoes men women. leather boots shoes sandals bag handbag belt wallet purse cowhide jacket backpack,leather,Leather,Huye,10209,ART-40
SKU-1108,Rubavu Leather Jacket,Handmade leather jacket coat men women fashion. leather boots shoes sandals bag handbag belt wallet purse cowhide jacket backpack,leather,Leather,Kigali,59948,ART-43
SKU-1109,Gicumbi Leather Backpack,Leather backpack travel bag school bag unisex. leather boots shoes sandals bag handbag belt wallet purse cowhide jacket backpack,leather,Leather,Huye,73522,ART-21
SKU-1110,Agaseke Peace Basket,Traditional agaseke basket woven peace basket Rwanda tressé panier. basket agaseke woven sisal weave tray bowl storage decor tressé panier,basketry,Sisal,Musanze,31772,ART-43
SKU-1111,Musanze Sisal Storage Basket,Handwoven sisal basket storage basket home decor woven tressé. basket agaseke woven sisal weave tray bowl storage decor tressé panier,basketry,Sisal,Gicumbi,46180,ART-16
SKU-1112,Gicumbi Woven Tray,Decorative woven tray sisal placemat table decor panier. basket agaseke woven sisal weave tray bowl storage decor tressé panier,basketry,Sisal,Musanze,56876,ART-9
SKU-1113,Bugesera Fruit Basket,Woven fruit basket kitchen basket bowl sisal agaseke. basket agaseke woven sisal weave tray bowl storage decor tressé panier,basketry,Sisal,Gicumbi,44321,ART-30
SKU-1114,Huye Market Basket,Large woven market basket sisal carry bag tressé panier. basket agaseke woven sisal weave tray bowl storage decor tressé panier,basketry,Sisal,Musanze,14508,ART-1
SKU-1115,Rubavu Decorative Bowl,Handwoven decorative bowl sisal basket home decor woven. basket agaseke woven sisal weave tray bowl storage decor tressé panier,basketry,Sisal,Rubavu,18104,ART-5
SKU-1116,Kitenge Dress Kigali,Traditional African dress kitenge fabric women clothing fashion. dress shirt clothing apparel fabric kitenge cotton jacket skirt blouse top dashiki,apparel,Cotton,Huye,32938,ART-33
SKU-1117,Rwandan Cotton Shirt,Handmade cotton shirt men top African print blouse. dress shirt clothing apparel fabric kitenge cotton jacket skirt blouse top dashiki,apparel,Cotton,Musanze,22361,ART-23
SKU-1118,Musanze Wrap Skirt,Cotton wrap skirt kitenge women fashion clothing. dress shirt clothing apparel fabric kitenge cotton jacket skirt blouse top dashiki,apparel,Cotton,Kigali,37018,ART-24
SKU-1119,Rubavu Linen Jacket,Lightweight jacket cotton blazer men clothing. dress shirt clothing apparel fabric kitenge cotton jacket skirt blouse top dashiki,apparel,Cotton,Musanze,25676,ART-29
SKU-1120,Huye African Print Top,African print top blouse women kitenge fashion. dress shirt clothing apparel fabric kitenge cotton jacket skirt blouse top dashiki,apparel,Cotton,Huye,44651,ART-40
SKU-1121,Kigali Dashiki Shirt,Dashiki shirt African men clothing cotton print. dress shirt clothing apparel fabric kitenge cotton jacket skirt blouse top dashiki,apparel,Cotton,Gicumbi,74329,ART-1
SKU-1122,Bugesera Cotton Dress,Cotton dress women African fashion clothing kitenge. dress shirt clothing apparel fabric kitenge cotton jacket skirt blouse top dashiki,apparel,Cotton,Gicumbi,44240,ART-43
SKU-1123,Beaded Necklace Kigali,Handmade beaded necklace African jewelry women accessory. necklace bracelet earrings ring jewelry jewellery beads accessory anklet choker,jewellery,Beads,Kigali,22601,ART-17
SKU-1124,Rwandan Bead Bracelet,Traditional bead bracelet wrist jewelry colorful beads. necklace bracelet earrings ring jewelry jewellery beads accessory anklet choker,jewellery,Beads,Kigali,19029,ART-48
SKU-1125,Huye Bead Earrings,Handcrafted bead earrings African earrings jewelry women. necklace bracelet earrings ring jewelry jewellery beads accessory anklet choker,jewellery,Beads,Huye,25374,ART-18
SKU-1126,Gicumbi Bead Ring,Beaded ring finger jewelry handmade accessory. necklace bracelet earrings ring jewelry jewellery beads accessory anklet choker,jewellery,Beads,Musanze,32607,ART-46
SKU-1127,Musanze Beaded Anklet,Handmade beaded anklet ankle jewelry women accessory beads. necklace bracelet earrings ring jewelry jewellery beads accessory anklet choker,jewellery,Beads,Musanze,31685,ART-44
SKU-1128,Kigali Bead Choker,Beaded choker necklace jewelry women African accessory. necklace bracelet earrings ring jewelry jewellery beads accessory anklet choker,jewellery,Beads,Gicumbi,39600,ART-33
SKU-1129,Clay Vase Bugesera,Handmade clay vase pottery home decoration Rwanda. vase bowl sculpture decoration pottery clay wood home decor art ceramic candle,home-decor,Clay,Rubavu,37914,ART-4
SKU-1130,Rwandan Clay Bowl,Traditional clay bowl ceramic pot kitchen decor. vase bowl sculpture decoration pottery clay wood home decor art ceramic candle,home-decor,Clay,Kigali,60518,ART-18
SKU-1131,Musanze Wood Sculpture,Hand-carved wood sculpture home decor art Rwanda. vase bowl sculpture decoration pottery clay wood home decor art ceramic candle,home-decor,Clay,Kigali,5464,ART-22
SKU-1132,Agaseke Wall Hanging,Decorative woven wall art sisal hanging home decor. vase bowl sculpture decoration pottery clay wood home decor art ceramic candle,home-decor,Clay,Bugesera,39335,ART-11
SKU-1133,Kigali Ceramic Plate,Handmade ceramic plate clay pottery home decor. vase bowl sculpture decoration pottery clay wood home decor art ceramic candle,home-decor,Clay,Gicumbi,62912,ART-36
SKU-1134,Huye Woven Placemat,Handwoven sisal placemat table decor woven basket. vase bowl sculpture decoration pottery clay wood home decor art ceramic candle,home-decor,Clay,Gicumbi,61057,ART-36
SKU-1135,Rubavu Clay Candle Holder,Clay candle holder pottery home decor Rwanda handmade. vase bowl sculpture decoration pottery clay wood home decor art ceramic candle,home-decor,Clay,Kigali,19663,ART-5
SKU-1136,Kigali Leather Boots,Handcrafted leather boots for men and women. leather boots shoes cowhide footwear. leather boots shoes sandals bag handbag belt wallet purse cowhide jacket backpack,leather,Leather,Gicumbi,24536,ART-35
SKU-1137,Nyamirambo Leather Sandals,Traditional sandals made from genuine cowhide. leather sandals open shoes. leather boots shoes sandals bag handbag belt wallet purse cowhide jacket backpack,leather,Leather,Kigali,53393,ART-38
SKU-1138,Kigali Leather Handbag,Premium leather handbag shoulder bag purse women accessory. leather boots shoes sandals bag handbag belt wallet purse cowhide jacket backpack,leather,Leather,Huye,24410,ART-28
SKU-1139,Huye Leather Belt,Genuine leather belt cowhide strap men accessory. leather boots shoes sandals bag handbag belt wallet purse cowhide jacket backpack,leather,Leather,Bugesera,10482,ART-20
SKU-1140,Musanze Leather Wallet,Slim leather wallet card holder purse men women. leather boots shoes sandals bag handbag belt wallet purse cowhide jacket backpack,leather,Leather,Musanze,10229,ART-23
SKU-1141,Kigali Leather Shoes,Formal leather shoes loafers dress shoes men women. leather boots shoes sandals bag handbag belt wallet purse cowhide jacket backpack,leather,Leather,Bugesera,37706,ART-43
SKU-1142,Rubavu Leather Jacket,Handmade leather jacket coat men women fashion. leather boots shoes sandals bag handbag belt wallet purse cowhide jacket backpack,leather,Leather,Kigali,51357,ART-50
SKU-1143,Gicumbi Leather Backpack,Leather backpack travel bag school bag unisex. leather boots shoes sandals bag handbag belt wallet purse cowhide jacket backpack,leather,Leather,Huye,58264,ART-40
SKU-1144,Agaseke Peace Basket,Traditional agaseke basket woven peace basket Rwanda tressé panier. basket agaseke woven sisal weave tray bowl storage decor tressé panier,basketry,Sisal,Gicumbi,25257,ART-16
SKU-1145,Musanze Sisal Storage Basket,Handwoven sisal basket storage basket home decor woven tressé. basket agaseke woven sisal weave tray bowl storage decor tressé panier,basketry,Sisal,Bugesera,28206,ART-27
SKU-1146,Gicumbi Woven Tray,Decorative woven tray sisal placemat table decor panier. basket agaseke woven sisal weave tray bowl storage decor tressé panier,basketry,Sisal,Kigali,28509,ART-48
SKU-1147,Bugesera Fruit Basket,Woven fruit basket kitchen basket bowl sisal agaseke. basket agaseke woven sisal weave tray bowl storage decor tressé panier,basketry,Sisal,Musanze,58964,ART-43
SKU-1148,Huye Market Basket,Large woven market basket sisal carry bag tressé panier. basket agaseke woven sisal weave tray bowl storage decor tressé panier,basketry,Sisal,Gicumbi,37527,ART-18
SKU-1149,Rubavu Decorative Bowl,Handwoven decorative bowl sisal basket home decor woven. basket agaseke woven sisal weave tray bowl storage decor tressé panier,basketry,Sisal,Bugesera,19168,ART-25
SKU-1150,Kitenge Dress Kigali,Traditional African dress kitenge fabric women clothing fashion. dress shirt clothing apparel fabric kitenge cotton jacket skirt blouse top dashiki,apparel,Cotton,Kigali,66694,ART-15
SKU-1151,Rwandan Cotton Shirt,Handmade cotton shirt men top African print blouse. dress shirt clothing apparel fabric kitenge cotton jacket skirt blouse top dashiki,apparel,Cotton,Bugesera,65332,ART-23
SKU-1152,Musanze Wrap Skirt,Cotton wrap skirt kitenge women fashion clothing. dress shirt clothing apparel fabric kitenge cotton jacket skirt blouse top dashiki,apparel,Cotton,Musanze,34831,ART-15
SKU-1153,Rubavu Linen Jacket,Lightweight jacket cotton blazer men clothing. dress shirt clothing apparel fabric kitenge cotton jacket skirt blouse top dashiki,apparel,Cotton,Kigali,30313,ART-26
SKU-1154,Huye African Print Top,African print top blouse women kitenge fashion. dress shirt clothing apparel fabric kitenge cotton jacket skirt blouse top dashiki,apparel,Cotton,Musanze,41517,ART-5
SKU-1155,Kigali Dashiki Shirt,Dashiki shirt African men clothing cotton print. dress shirt clothing apparel fabric kitenge cotton jacket skirt blouse top dashiki,apparel,Cotton,Musanze,51025,ART-42
SKU-1156,Bugesera Cotton Dress,Cotton dress women African fashion clothing kitenge. dress shirt clothing apparel fabric kitenge cotton jacket skirt blouse top dashiki,apparel,Cotton,Huye,57386,ART-44
SKU-1157,Beaded Necklace Kigali,Handmade beaded necklace African jewelry women accessory. necklace bracelet earrings ring jewelry jewellery beads accessory anklet choker,jewellery,Beads,Huye,48404,ART-2
SKU-1158,Rwandan Bead Bracelet,Traditional bead bracelet wrist jewelry colorful beads. necklace bracelet earrings ring jewelry jewellery beads accessory anklet choker,jewellery,Beads,Kigali,39237,ART-12
SKU-1159,Huye Bead Earrings,Handcrafted bead earrings African earrings jewelry women. necklace bracelet earrings ring jewelry jewellery beads accessory anklet choker,jewellery,Beads,Huye,39795,ART-3
SKU-1160,Gicumbi Bead Ring,Beaded ring finger jewelry handmade accessory. necklace bracelet earrings ring jewelry jewellery beads accessory anklet choker,jewellery,Beads,Kigali,61959,ART-23
SKU-1161,Musanze Beaded Anklet,Handmade beaded anklet ankle jewelry women accessory beads. necklace bracelet earrings ring jewelry jewellery beads accessory anklet choker,jewellery,Beads,Gicumbi,46114,ART-28
SKU-1162,Kigali Bead Choker,Beaded choker necklace jewelry women African accessory. necklace bracelet earrings ring jewelry jewellery beads accessory anklet choker,jewellery,Beads,Huye,72033,ART-8
SKU-1163,Clay Vase Bugesera,Handmade clay vase pottery home decoration Rwanda. vase bowl sculpture decoration pottery clay wood home decor art ceramic candle,home-decor,Clay,Rubavu,29914,ART-17
SKU-1164,Rwandan Clay Bowl,Traditional clay bowl ceramic pot kitchen decor. vase bowl sculpture decoration pottery clay wood home decor art ceramic candle,home-decor,Clay,Kigali,62154,ART-1
SKU-1165,Musanze Wood Sculpture,Hand-carved wood sculpture home decor art Rwanda. vase bowl sculpture decoration pottery clay wood home decor art ceramic candle,home-decor,Clay,Huye,30825,ART-24
SKU-1166,Agaseke Wall Hanging,Decorative woven wall art sisal hanging home decor. vase bowl sculpture decoration pottery clay wood home decor art ceramic candle,home-decor,Clay,Rubavu,14171,ART-43
SKU-1167,Kigali Ceramic Plate,Handmade ceramic plate clay pottery home decor. vase bowl sculpture decoration pottery clay wood home decor art ceramic candle,home-decor,Clay,Musanze,46145,ART-43
SKU-1168,Huye Woven Placemat,Handwoven sisal placemat table decor woven basket. vase bowl sculpture decoration pottery clay wood home decor art ceramic candle,home-decor,Clay,Kigali,44363,ART-33
SKU-1169,Rubavu Clay Candle Holder,Clay candle holder pottery home decor Rwanda handmade. vase bowl sculpture decoration pottery clay wood home decor art ceramic candle,home-decor,Clay,Musanze,58528,ART-21
SKU-1170,Kigali Leather Boots,Handcrafted leather boots for men and women. leather boots shoes cowhide footwear. leather boots shoes sandals bag handbag belt wallet purse cowhide jacket backpack,leather,Leather,Rubavu,43752,ART-36
SKU-1171,Nyamirambo Leather Sandals,Traditional sandals made from genuine cowhide. leather sandals open shoes. leather boots shoes sandals bag handbag belt wallet purse cowhide jacket backpack,leather,Leather,Bugesera,30144,ART-27
SKU-1172,Kigali Leather Handbag,Premium leather handbag shoulder bag purse women accessory. leather boots shoes sandals bag handbag belt wallet purse cowhide jacket backpack,leather,Leather,Gicumbi,54695,ART-44
SKU-1173,Huye Leather Belt,Genuine leather belt cowhide strap men accessory. leather boots shoes sandals bag handbag belt wallet purse cowhide jacket backpack,leather,Leather,Gicumbi,27810,ART-40
SKU-1174,Musanze Leather Wallet,Slim leather wallet card holder purse men women. leather boots shoes sandals bag handbag belt wallet purse cowhide jacket backpack,leather,Leather,Huye,44446,ART-26
SKU-1175,Kigali Leather Shoes,Formal leather shoes loafers dress shoes men women. leather boots shoes sandals bag handbag belt wallet purse cowhide jacket backpack,leather,Leather,Huye,5053,ART-20
SKU-1176,Rubavu Leather Jacket,Handmade leather jacket coat men women fashion. leather boots shoes sandals bag handbag belt wallet purse cowhide jacket backpack,leather,Leather,Musanze,32549,ART-28
SKU-1177,Gicumbi Leather Backpack,Leather backpack travel bag school bag unisex. leather boots shoes sandals bag handbag belt wallet purse cowhide jacket backpack,leather,Leather,Huye,47237,ART-30
SKU-1178,Agaseke Peace Basket,Traditional agaseke basket woven peace basket Rwanda tressé panier. basket agaseke woven sisal weave tray bowl storage decor tressé panier,basketry,Sisal,Rubavu,62954,ART-44
SKU-1179,Musanze Sisal Storage Basket,Handwoven sisal basket storage basket home decor woven tressé. basket agaseke woven sisal weave tray bowl storage decor tressé panier,basketry,Sisal,Bugesera,72000,ART-31
SKU-1180,Gicumbi Woven Tray,Decorative woven tray sisal placemat table decor panier. basket agaseke woven sisal weave tray bowl storage decor tressé panier,basketry,Sisal,Gicumbi,27241,ART-43
SKU-1181,Bugesera Fruit Basket,Woven fruit basket kitchen basket bowl sisal agaseke. basket agaseke woven sisal weave tray bowl storage decor tressé panier,basketry,Sisal,Kigali,42196,ART-33
SKU-1182,Huye Market Basket,Large woven market basket sisal carry bag tressé panier. basket agaseke woven sisal weave tray bowl storage decor tressé panier,basketry,Sisal,Gicumbi,48933,ART-6
SKU-1183,Rubavu Decorative Bowl,Handwoven decorative bowl sisal basket home decor woven. basket agaseke woven sisal weave tray bowl storage decor tressé panier,basketry,Sisal,Bugesera,45687,ART-15
SKU-1184,Kitenge Dress Kigali,Traditional African dress kitenge fabric women clothing fashion. dress shirt clothing apparel fabric kitenge cotton jacket skirt blouse top dashiki,apparel,Cotton,Bugesera,24313,ART-2
SKU-1185,Rwandan Cotton Shirt,Handmade cotton shirt men top African print blouse. dress shirt clothing apparel fabric kitenge cotton jacket skirt blouse top dashiki,apparel,Cotton,Kigali,37092,ART-31
SKU-1186,Musanze Wrap Skirt,Cotton wrap skirt kitenge women fashion clothing. dress shirt clothing apparel fabric kitenge cotton jacket skirt blouse top dashiki,apparel,Cotton,Huye,14545,ART-30
SKU-1187,Rubavu Linen Jacket,Lightweight jacket cotton blazer men clothing. dress shirt clothing apparel fabric kitenge cotton jacket skirt blouse top dashiki,apparel,Cotton,Rubavu,30485,ART-46
SKU-1188,Huye African Print Top,African print top blouse women kitenge fashion. dress shirt clothing apparel fabric kitenge cotton jacket skirt blouse top dashiki,apparel,Cotton,Gicumbi,55328,ART-32
SKU-1189,Kigali Dashiki Shirt,Dashiki shirt African men clothing cotton print. dress shirt clothing apparel fabric kitenge cotton jacket skirt blouse top dashiki,apparel,Cotton,Rubavu,36979,ART-10
SKU-1190,Bugesera Cotton Dress,Cotton dress women African fashion clothing kitenge. dress shirt clothing apparel fabric kitenge cotton jacket skirt blouse top dashiki,apparel,Cotton,Gicumbi,5726,ART-49
SKU-1191,Beaded Necklace Kigali,Handmade beaded necklace African jewelry women accessory. necklace bracelet earrings ring jewelry jewellery beads accessory anklet choker,jewellery,Beads,Kigali,60724,ART-15
SKU-1192,Rwandan Bead Bracelet,Traditional bead bracelet wrist jewelry colorful beads. necklace bracelet earrings ring jewelry jewellery beads accessory anklet choker,jewellery,Beads,Bugesera,72889,ART-30
SKU-1193,Huye Bead Earrings,Handcrafted bead earrings African earrings jewelry women. necklace bracelet earrings ring jewelry jewellery beads accessory anklet choker,jewellery,Beads,Kigali,37662,ART-8
SKU-1194,Gicumbi Bead Ring,Beaded ring finger jewelry handmade accessory. necklace bracelet earrings ring jewelry jewellery beads accessory anklet choker,jewellery,Beads,Rubavu,22477,ART-30
SKU-1195,Musanze Beaded Anklet,Handmade beaded anklet ankle jewelry women accessory beads. necklace bracelet earrings ring jewelry jewellery beads accessory anklet choker,jewellery,Beads,Gicumbi,74616,ART-36
SKU-1196,Kigali Bead Choker,Beaded choker necklace jewelry women African accessory. necklace bracelet earrings ring jewelry jewellery beads accessory anklet choker,jewellery,Beads,Huye,46588,ART-49
SKU-1197,Clay Vase Bugesera,Handmade clay vase pottery home decoration Rwanda. vase bowl sculpture decoration pottery clay wood home decor art ceramic candle,home-decor,Clay,Rubavu,71162,ART-28
SKU-1198,Rwandan Clay Bowl,Traditional clay bowl ceramic pot kitchen decor. vase bowl sculpture decoration pottery clay wood home decor art ceramic candle,home-decor,Clay,Huye,63446,ART-11
SKU-1199,Musanze Wood Sculpture,Hand-carved wood sculpture home decor art Rwanda. vase bowl sculpture decoration pottery clay wood home decor art ceramic candle,home-decor,Clay,Gicumbi,67216,ART-29
SKU-1200,Agaseke Wall Hanging,Decorative woven wall art sisal hanging home decor. vase bowl sculpture decoration pottery clay wood home decor art ceramic candle,home-decor,Clay,Musanze,37406,ART-41
SKU-1201,Kigali Ceramic Plate,Handmade ceramic plate clay pottery home decor. vase bowl sculpture decoration pottery clay wood home decor art ceramic candle,home-decor,Clay,Musanze,73327,ART-32
SKU-1202,Huye Woven Placemat,Handwoven sisal placemat table decor woven basket. vase bowl sculpture decoration pottery clay wood home decor art ceramic candle,home-decor,Clay,Gicumbi,36358,ART-18
SKU-1203,Rubavu Clay Candle Holder,Clay candle holder pottery home decor Rwanda handmade. vase bowl sculpture decoration pottery clay wood home decor art ceramic candle,home-decor,Clay,Rubavu,15155,ART-46
SKU-1204,Kigali Leather Boots,Handcrafted leather boots for men and women. leather boots shoes cowhide footwear. leather boots shoes sandals bag handbag belt wallet purse cowhide jacket backpack,leather,Leather,Musanze,35735,ART-18
SKU-1205,Nyamirambo Leather Sandals,Traditional sandals made from genuine cowhide. leather sandals open shoes. leather boots shoes sandals bag handbag belt wallet purse cowhide jacket backpack,leather,Leather,Musanze,46904,ART-35
SKU-1206,Kigali Leather Handbag,Premium leather handbag shoulder bag purse women accessory. leather boots shoes sandals bag handbag belt wallet purse cowhide jacket backpack,leather,Leather,Kigali,23136,ART-10
SKU-1207,Huye Leather Belt,Genuine leather belt cowhide strap men accessory. leather boots shoes sandals bag handbag belt wallet purse cowhide jacket backpack,leather,Leather,Bugesera,55205,ART-45
SKU-1208,Musanze Leather Wallet,Slim leather wallet card holder purse men women. leather boots shoes sandals bag handbag belt wallet purse cowhide jacket backpack,leather,Leather,Bugesera,33043,ART-5
SKU-1209,Kigali Leather Shoes,Formal leather shoes loafers dress shoes men women. leather boots shoes sandals bag handbag belt wallet purse cowhide jacket backpack,leather,Leather,Rubavu,58424,ART-22
SKU-1210,Rubavu Leather Jacket,Handmade leather jacket coat men women fashion. leather boots shoes sandals bag handbag belt wallet purse cowhide jacket backpack,leather,Leather,Huye,66069,ART-27
SKU-1211,Gicumbi Leather Backpack,Leather backpack travel bag school bag unisex. leather boots shoes sandals bag handbag belt wallet purse cowhide jacket backpack,leather,Leather,Kigali,32110,ART-27
SKU-1212,Agaseke Peace Basket,Traditional agaseke basket woven peace basket Rwanda tressé panier. basket agaseke woven sisal weave tray bowl storage decor tressé panier,basketry,Sisal,Rubavu,7560,ART-49
SKU-1213,Musanze Sisal Storage Basket,Handwoven sisal basket storage basket home decor woven tressé. basket agaseke woven sisal weave tray bowl storage decor tressé panier,basketry,Sisal,Huye,54857,ART-31
SKU-1214,Gicumbi Woven Tray,Decorative woven tray sisal placemat table decor panier. basket agaseke woven sisal weave tray bowl storage decor tressé panier,basketry,Sisal,Kigali,51105,ART-20
SKU-1215,Bugesera Fruit Basket,Woven fruit basket kitchen basket bowl sisal agaseke. basket agaseke woven sisal weave tray bowl storage decor tressé panier,basketry,Sisal,Rubavu,59921,ART-35
SKU-1216,Huye Market Basket,Large woven market basket sisal carry bag tressé panier. basket agaseke woven sisal weave tray bowl storage decor tressé panier,basketry,Sisal,Gicumbi,33906,ART-32
SKU-1217,Rubavu Decorative Bowl,Handwoven decorative bowl sisal basket home decor woven. basket agaseke woven sisal weave tray bowl storage decor tressé panier,basketry,Sisal,Bugesera,40774,ART-28
SKU-1218,Kitenge Dress Kigali,Traditional African dress kitenge fabric women clothing fashion. dress shirt clothing apparel fabric kitenge cotton jacket skirt blouse top dashiki,apparel,Cotton,Rubavu,8804,ART-25
SKU-1219,Rwandan Cotton Shirt,Handmade cotton shirt men top African print blouse. dress shirt clothing apparel fabric kitenge cotton jacket skirt blouse top dashiki,apparel,Cotton,Musanze,57994,ART-47
SKU-1220,Musanze Wrap Skirt,Cotton wrap skirt kitenge women fashion clothing. dress shirt clothing apparel fabric kitenge cotton jacket skirt blouse top dashiki,apparel,Cotton,Bugesera,66261,ART-9
SKU-1221,Rubavu Linen Jacket,Lightweight jacket cotton blazer men clothing. dress shirt clothing apparel fabric kitenge cotton jacket skirt blouse top dashiki,apparel,Cotton,Huye,8534,ART-26
SKU-1222,Huye African Print Top,African print top blouse women kitenge fashion. dress shirt clothing apparel fabric kitenge cotton jacket skirt blouse top dashiki,apparel,Cotton,Huye,8552,ART-6
SKU-1223,Kigali Dashiki Shirt,Dashiki shirt African men clothing cotton print. dress shirt clothing apparel fabric kitenge cotton jacket skirt blouse top dashiki,apparel,Cotton,Gicumbi,61179,ART-9
SKU-1224,Bugesera Cotton Dress,Cotton dress women African fashion clothing kitenge. dress shirt clothing apparel fabric kitenge cotton jacket skirt blouse top dashiki,apparel,Cotton,Rubavu,28819,ART-4
SKU-1225,Beaded Necklace Kigali,Handmade beaded necklace African jewelry women accessory. necklace bracelet earrings ring jewelry jewellery beads accessory anklet choker,jewellery,Beads,Musanze,54689,ART-21
SKU-1226,Rwandan Bead Bracelet,Traditional bead bracelet wrist jewelry colorful beads. necklace bracelet earrings ring jewelry jewellery beads accessory anklet choker,jewellery,Beads,Bugesera,64598,ART-21
SKU-1227,Huye Bead Earrings,Handcrafted bead earrings African earrings jewelry women. necklace bracelet earrings ring jewelry jewellery beads accessory anklet choker,jewellery,Beads,Musanze,54692,ART-18
SKU-1228,Gicumbi Bead Ring,Beaded ring finger jewelry handmade accessory. necklace bracelet earrings ring jewelry jewellery beads accessory anklet choker,jewellery,Beads,Rubavu,38065,ART-6
SKU-1229,Musanze Beaded Anklet,Handmade beaded anklet ankle jewelry women accessory beads. necklace bracelet earrings ring jewelry jewellery beads accessory anklet choker,jewellery,Beads,Rubavu,7540,ART-48
SKU-1230,Kigali Bead Choker,Beaded choker necklace jewelry women African accessory. necklace bracelet earrings ring jewelry jewellery beads accessory anklet choker,jewellery,Beads,Huye,11826,ART-23
SKU-1231,Clay Vase Bugesera,Handmade clay vase pottery home decoration Rwanda. vase bowl sculpture decoration pottery clay wood home decor art ceramic candle,home-decor,Clay,Bugesera,13993,ART-50
SKU-1232,Rwandan Clay Bowl,Traditional clay bowl ceramic pot kitchen decor. vase bowl sculpture decoration pottery clay wood home decor art ceramic candle,home-decor,Clay,Gicumbi,10276,ART-49
SKU-1233,Musanze Wood Sculpture,Hand-carved wood sculpture home decor art Rwanda. vase bowl sculpture decoration pottery clay wood home decor art ceramic candle,home-decor,Clay,Kigali,37411,ART-13
SKU-1234,Agaseke Wall Hanging,Decorative woven wall art sisal hanging home decor. vase bowl sculpture decoration pottery clay wood home decor art ceramic candle,home-decor,Clay,Kigali,24973,ART-16
SKU-1235,Kigali Ceramic Plate,Handmade ceramic plate clay pottery home decor. vase bowl sculpture decoration pottery clay wood home decor art ceramic candle,home-decor,Clay,Bugesera,67070,ART-43
SKU-1236,Huye Woven Placemat,Handwoven sisal placemat table decor woven basket. vase bowl sculpture decoration pottery clay wood home decor art ceramic candle,home-decor,Clay,Kigali,33569,ART-30
SKU-1237,Rubavu Clay Candle Holder,Clay candle holder pottery home decor Rwanda handmade. vase bowl sculpture decoration pottery clay wood home decor art ceramic candle,home-decor,Clay,Gicumbi,38586,ART-50
SKU-1238,Kigali Leather Boots,Handcrafted leather boots for men and women. leather boots shoes cowhide footwear. leather boots shoes sandals bag handbag belt wallet purse cowhide jacket backpack,leather,Leather,Musanze,26992,ART-39
SKU-1239,Nyamirambo Leather Sandals,Traditional sandals made from genuine cowhide. leather sandals open shoes. leather boots shoes sandals bag handbag belt wallet purse cowhide jacket backpack,leather,Leather,Huye,20012,ART-50
SKU-1240,Kigali Leather Handbag,Premium leather handbag shoulder bag purse women accessory. leather boots shoes sandals bag handbag belt wallet purse cowhide jacket backpack,leather,Leather,Bugesera,45768,ART-7
SKU-1241,Huye Leather Belt,Genuine leather belt cowhide strap men accessory. leather boots shoes sandals bag handbag belt wallet purse cowhide jacket backpack,leather,Leather,Huye,8365,ART-20
SKU-1242,Musanze Leather Wallet,Slim leather wallet card holder purse men women. leather boots shoes sandals bag handbag belt wallet purse cowhide jacket backpack,leather,Leather,Huye,54192,ART-26
SKU-1243,Kigali Leather Shoes,Formal leather shoes loafers dress shoes men women. leather boots shoes sandals bag handbag belt wallet purse cowhide jacket backpack,leather,Leather,Gicumbi,30995,ART-5
SKU-1244,Rubavu Leather Jacket,Handmade leather jacket coat men women fashion. leather boots shoes sandals bag handbag belt wallet purse cowhide jacket backpack,leather,Leather,Huye,36830,ART-7
SKU-1245,Gicumbi Leather Backpack,Leather backpack travel bag school bag unisex. leather boots shoes sandals bag handbag belt wallet purse cowhide jacket backpack,leather,Leather,Gicumbi,44529,ART-44
SKU-1246,Agaseke Peace Basket,Traditional agaseke basket woven peace basket Rwanda tressé panier. basket agaseke woven sisal weave tray bowl storage decor tressé panier,basketry,Sisal,Huye,20866,ART-37
SKU-1247,Musanze Sisal Storage Basket,Handwoven sisal basket storage basket home decor woven tressé. basket agaseke woven sisal weave tray bowl storage decor tressé panier,basketry,Sisal,Kigali,50508,ART-35
SKU-1248,Gicumbi Woven Tray,Decorative woven tray sisal placemat table decor panier. basket agaseke woven sisal weave tray bowl storage decor tressé panier,basketry,Sisal,Rubavu,53571,ART-5
SKU-1249,Bugesera Fruit Basket,Woven fruit basket kitchen basket bowl sisal agaseke. basket agaseke woven sisal weave tray bowl storage decor tressé panier,basketry,Sisal,Huye,49725,ART-1
SKU-1250,Huye Market Basket,Large woven market basket sisal carry bag tressé panier. basket agaseke woven sisal weave tray bowl storage decor tressé panier,basketry,Sisal,Rubavu,69251,ART-7
SKU-1251,Rubavu Decorative Bowl,Handwoven decorative bowl sisal basket home decor woven. basket agaseke woven sisal weave tray bowl storage decor tressé panier,basketry,Sisal,Rubavu,52472,ART-41
SKU-1252,Kitenge Dress Kigali,Traditional African dress kitenge fabric women clothing fashion. dress shirt clothing apparel fabric kitenge cotton jacket skirt blouse top dashiki,apparel,Cotton,Rubavu,25052,ART-28
SKU-1253,Rwandan Cotton Shirt,Handmade cotton shirt men top African print blouse. dress shirt clothing apparel fabric kitenge cotton jacket skirt blouse top dashiki,apparel,Cotton,Bugesera,73386,ART-42
SKU-1254,Musanze Wrap Skirt,Cotton wrap skirt kitenge women fashion clothing. dress shirt clothing apparel fabric kitenge cotton jacket skirt blouse top dashiki,apparel,Cotton,Musanze,68372,ART-30
SKU-1255,Rubavu Linen Jacket,Lightweight jacket cotton blazer men clothing. dress shirt clothing apparel fabric kitenge cotton jacket skirt blouse top dashiki,apparel,Cotton,Rubavu,40179,ART-21
SKU-1256,Huye African Print Top,African print top blouse women kitenge fashion. dress shirt clothing apparel fabric kitenge cotton jacket skirt blouse top dashiki,apparel,Cotton,Bugesera,16359,ART-18
SKU-1257,Kigali Dashiki Shirt,Dashiki shirt African men clothing cotton print. dress shirt clothing apparel fabric kitenge cotton jacket skirt blouse top dashiki,apparel,Cotton,Rubavu,36963,ART-49
SKU-1258,Bugesera Cotton Dress,Cotton dress women African fashion clothing kitenge. dress shirt clothing apparel fabric kitenge cotton jacket skirt blouse top dashiki,apparel,Cotton,Rubavu,54674,ART-22
SKU-1259,Beaded Necklace Kigali,Handmade beaded necklace African jewelry women accessory. necklace bracelet earrings ring jewelry jewellery beads accessory anklet choker,jewellery,Beads,Kigali,69789,ART-21
SKU-1260,Rwandan Bead Bracelet,Traditional bead bracelet wrist jewelry colorful beads. necklace bracelet earrings ring jewelry jewellery beads accessory anklet choker,jewellery,Beads,Bugesera,68904,ART-14
SKU-1261,Huye Bead Earrings,Handcrafted bead earrings African earrings jewelry women. necklace bracelet earrings ring jewelry jewellery beads accessory anklet choker,jewellery,Beads,Musanze,38862,ART-22
SKU-1262,Gicumbi Bead Ring,Beaded ring finger jewelry handmade accessory. necklace bracelet earrings ring jewelry jewellery beads accessory anklet choker,jewellery,Beads,Musanze,41211,ART-36
SKU-1263,Musanze Beaded Anklet,Handmade beaded anklet ankle jewelry women accessory beads. necklace bracelet earrings ring jewelry jewellery beads accessory anklet choker,jewellery,Beads,Kigali,72715,ART-13
SKU-1264,Kigali Bead Choker,Beaded choker necklace jewelry women African accessory. necklace bracelet earrings ring jewelry jewellery beads accessory anklet choker,jewellery,Beads,Kigali,36635,ART-47
SKU-1265,Clay Vase Bugesera,Handmade clay vase pottery home decoration Rwanda. vase bowl sculpture decoration pottery clay wood home decor art ceramic candle,home-decor,Clay,Rubavu,69038,ART-36
SKU-1266,Rwandan Clay Bowl,Traditional clay bowl ceramic pot kitchen decor. vase bowl sculpture decoration pottery clay wood home decor art ceramic candle,home-decor,Clay,Bugesera,67402,ART-42
SKU-1267,Musanze Wood Sculpture,Hand-carved wood sculpture home decor art Rwanda. vase bowl sculpture decoration pottery clay wood home decor art ceramic candle,home-decor,Clay,Gicumbi,69332,ART-29
SKU-1268,Agaseke Wall Hanging,Decorative woven wall art sisal hanging home decor. vase bowl sculpture decoration pottery clay wood home decor art ceramic candle,home-decor,Clay,Kigali,17196,ART-19
SKU-1269,Kigali Ceramic Plate,Handmade ceramic plate clay pottery home decor. vase bowl sculpture decoration pottery clay wood home decor art ceramic candle,home-decor,Clay,Bugesera,58005,ART-45
SKU-1270,Huye Woven Placemat,Handwoven sisal placemat table decor woven basket. vase bowl sculpture decoration pottery clay wood home decor art ceramic candle,home-decor,Clay,Bugesera,45135,ART-43
SKU-1271,Rubavu Clay Candle Holder,Clay candle holder pottery home decor Rwanda handmade. vase bowl sculpture decoration pottery clay wood home decor art ceramic candle,home-decor,Clay,Huye,53368,ART-31
SKU-1272,Kigali Leather Boots,Handcrafted leather boots for men and women. leather boots shoes cowhide footwear. leather boots shoes sandals bag handbag belt wallet purse cowhide jacket backpack,leather,Leather,Huye,74588,ART-23
SKU-1273,Nyamirambo Leather Sandals,Traditional sandals made from genuine cowhide. leather sandals open shoes. leather boots shoes sandals bag handbag belt wallet purse cowhide jacket backpack,leather,Leather,Rubavu,48357,ART-23
SKU-1274,Kigali Leather Handbag,Premium leather handbag shoulder bag purse women accessory. leather boots shoes sandals bag handbag belt wallet purse cowhide jacket backpack,leather,Leather,Gicumbi,64473,ART-18
SKU-1275,Huye Leather Belt,Genuine leather belt cowhide strap men accessory. leather boots shoes sandals bag handbag belt wallet purse cowhide jacket backpack,leather,Leather,Musanze,37951,ART-15
SKU-1276,Musanze Leather Wallet,Slim leather wallet card holder purse men women. leather boots shoes sandals bag handbag belt wallet purse cowhide jacket backpack,leather,Leather,Kigali,30242,ART-21
SKU-1277,Kigali Leather Shoes,Formal leather shoes loafers dress shoes men women. leather boots shoes sandals bag handbag belt wallet purse cowhide jacket backpack,leather,Leather,Kigali,29267,ART-13
SKU-1278,Rubavu Leather Jacket,Handmade leather jacket coat men women fashion. leather boots shoes sandals bag handbag belt wallet purse cowhide jacket backpack,leather,Leather,Bugesera,68464,ART-18
SKU-1279,Gicumbi Leather Backpack,Leather backpack travel bag school bag unisex. leather boots shoes sandals bag handbag belt wallet purse cowhide jacket backpack,leather,Leather,Gicumbi,73765,ART-39
SKU-1280,Agaseke Peace Basket,Traditional agaseke basket woven peace basket Rwanda tressé panier. basket agaseke woven sisal weave tray bowl storage decor tressé panier,basketry,Sisal,Musanze,18176,ART-13
SKU-1281,Musanze Sisal Storage Basket,Handwoven sisal basket storage basket home decor woven tressé. basket agaseke woven sisal weave tray bowl storage decor tressé panier,basketry,Sisal,Musanze,34816,ART-24
SKU-1282,Gicumbi Woven Tray,Decorative woven tray sisal placemat table decor panier. basket agaseke woven sisal weave tray bowl storage decor tressé panier,basketry,Sisal,Bugesera,44618,ART-1
SKU-1283,Bugesera Fruit Basket,Woven fruit basket kitchen basket bowl sisal agaseke. basket agaseke woven sisal weave tray bowl storage decor tressé panier,basketry,Sisal,Gicumbi,21591,ART-18
SKU-1284,Huye Market Basket,Large woven market basket sisal carry bag tressé panier. basket agaseke woven sisal weave tray bowl storage decor tressé panier,basketry,Sisal,Kigali,12146,ART-36
SKU-1285,Rubavu Decorative Bowl,Handwoven decorative bowl sisal basket home decor woven. basket agaseke woven sisal weave tray bowl storage decor tressé panier,basketry,Sisal,Musanze,21551,ART-41
SKU-1286,Kitenge Dress Kigali,Traditional African dress kitenge fabric women clothing fashion. dress shirt clothing apparel fabric kitenge cotton jacket skirt blouse top dashiki,apparel,Cotton,Rubavu,18446,ART-1
SKU-1287,Rwandan Cotton Shirt,Handmade cotton shirt men top African print blouse. dress shirt clothing apparel fabric kitenge cotton jacket skirt blouse top dashiki,apparel,Cotton,Huye,42268,ART-31
SKU-1288,Musanze Wrap Skirt,Cotton wrap skirt kitenge women fashion clothing. dress shirt clothing apparel fabric kitenge cotton jacket skirt blouse top dashiki,apparel,Cotton,Rubavu,62733,ART-22
SKU-1289,Rubavu Linen Jacket,Lightweight jacket cotton blazer men clothing. dress shirt clothing apparel fabric kitenge cotton jacket skirt blouse top dashiki,apparel,Cotton,Bugesera,11734,ART-17
SKU-1290,Huye African Print Top,African print top blouse women kitenge fashion. dress shirt clothing apparel fabric kitenge cotton jacket skirt blouse top dashiki,apparel,Cotton,Rubavu,19953,ART-5
SKU-1291,Kigali Dashiki Shirt,Dashiki shirt African men clothing cotton print. dress shirt clothing apparel fabric kitenge cotton jacket skirt blouse top dashiki,apparel,Cotton,Rubavu,69454,ART-5
SKU-1292,Bugesera Cotton Dress,Cotton dress women African fashion clothing kitenge. dress shirt clothing apparel fabric kitenge cotton jacket skirt blouse top dashiki,apparel,Cotton,Huye,12026,ART-10
SKU-1293,Beaded Necklace Kigali,Handmade beaded necklace African jewelry women accessory. necklace bracelet earrings ring jewelry jewellery beads accessory anklet choker,jewellery,Beads,Bugesera,44824,ART-6
SKU-1294,Rwandan Bead Bracelet,Traditional bead bracelet wrist jewelry colorful beads. necklace bracelet earrings ring jewelry jewellery beads accessory anklet choker,jewellery,Beads,Bugesera,20525,ART-36
SKU-1295,Huye Bead Earrings,Handcrafted bead earrings African earrings jewelry women. necklace bracelet earrings ring jewelry jewellery beads accessory anklet choker,jewellery,Beads,Rubavu,34581,ART-50
SKU-1296,Gicumbi Bead Ring,Beaded ring finger jewelry handmade accessory. necklace bracelet earrings ring jewelry jewellery beads accessory anklet choker,jewellery,Beads,Huye,54856,ART-29
SKU-1297,Musanze Beaded Anklet,Handmade beaded anklet ankle jewelry women accessory beads. necklace bracelet earrings ring jewelry jewellery beads accessory anklet choker,jewellery,Beads,Rubavu,43974,ART-38
SKU-1298,Kigali Bead Choker,Beaded choker necklace jewelry women African accessory. necklace bracelet earrings ring jewelry jewellery beads accessory anklet choker,jewellery,Beads,Rubavu,45026,ART-37
SKU-1299,Clay Vase Bugesera,Handmade clay vase pottery home decoration Rwanda. vase bowl sculpture decoration pottery clay wood home decor art ceramic candle,home-decor,Clay,Huye,12894,ART-40
SKU-1300,Rwandan Clay Bowl,Traditional clay bowl ceramic pot kitchen decor. vase bowl sculpture decoration pottery clay wood home decor art ceramic candle,home-decor,Clay,Gicumbi,18006,ART-49
SKU-1301,Musanze Wood Sculpture,Hand-carved wood sculpture home decor art Rwanda. vase bowl sculpture decoration pottery clay wood home decor art ceramic candle,home-decor,Clay,Bugesera,32659,ART-17
SKU-1302,Agaseke Wall Hanging,Decorative woven wall art sisal hanging home decor. vase bowl sculpture decoration pottery clay wood home decor art ceramic candle,home-decor,Clay,Gicumbi,15641,ART-11
SKU-1303,Kigali Ceramic Plate,Handmade ceramic plate clay pottery home decor. vase bowl sculpture decoration pottery clay wood home decor art ceramic candle,home-decor,Clay,Bugesera,27782,ART-36
SKU-1304,Huye Woven Placemat,Handwoven sisal placemat table decor woven basket. vase bowl sculpture decoration pottery clay wood home decor art ceramic candle,home-decor,Clay,Kigali,25517,ART-1
SKU-1305,Rubavu Clay Candle Holder,Clay candle holder pottery home decor Rwanda handmade. vase bowl sculpture decoration pottery clay wood home decor art ceramic candle,home-decor,Clay,Rubavu,64048,ART-45
SKU-1306,Kigali Leather Boots,Handcrafted leather boots for men and women. leather boots shoes cowhide footwear. leather boots shoes sandals bag handbag belt wallet purse cowhide jacket backpack,leather,Leather,Huye,66592,ART-19
SKU-1307,Nyamirambo Leather Sandals,Traditional sandals made from genuine cowhide. leather sandals open shoes. leather boots shoes sandals bag handbag belt wallet purse cowhide jacket backpack,leather,Leather,Kigali,35340,ART-19
SKU-1308,Kigali Leather Handbag,Premium leather handbag shoulder bag purse women accessory. leather boots shoes sandals bag handbag belt wallet purse cowhide jacket backpack,leather,Leather,Gicumbi,42056,ART-45
SKU-1309,Huye Leather Belt,Genuine leather belt cowhide strap men accessory. leather boots shoes sandals bag handbag belt wallet purse cowhide jacket backpack,leather,Leather,Rubavu,14329,ART-44
SKU-1310,Musanze Leather Wallet,Slim leather wallet card holder purse men women. leather boots shoes sandals bag handbag belt wallet purse cowhide jacket backpack,leather,Leather,Bugesera,39675,ART-41
SKU-1311,Kigali Leather Shoes,Formal leather shoes loafers dress shoes men women. leather boots shoes sandals bag handbag belt wallet purse cowhide jacket backpack,leather,Leather,Huye,30928,ART-28
SKU-1312,Rubavu Leather Jacket,Handmade leather jacket coat men women fashion. leather boots shoes sandals bag handbag belt wallet purse cowhide jacket backpack,leather,Leather,Kigali,34466,ART-42
SKU-1313,Gicumbi Leather Backpack,Leather backpack travel bag school bag unisex. leather boots shoes sandals bag handbag belt wallet purse cowhide jacket backpack,leather,Leather,Bugesera,39816,ART-10
SKU-1314,Agaseke Peace Basket,Traditional agaseke basket woven peace basket Rwanda tressé panier. basket agaseke woven sisal weave tray bowl storage decor tressé panier,basketry,Sisal,Kigali,12816,ART-11
SKU-1315,Musanze Sisal Storage Basket,Handwoven sisal basket storage basket home decor woven tressé. basket agaseke woven sisal weave tray bowl storage decor tressé panier,basketry,Sisal,Musanze,42828,ART-29
SKU-1316,Gicumbi Woven Tray,Decorative woven tray sisal placemat table decor panier. basket agaseke woven sisal weave tray bowl storage decor tressé panier,basketry,Sisal,Kigali,66433,ART-45
SKU-1317,Bugesera Fruit Basket,Woven fruit basket kitchen basket bowl sisal agaseke. basket agaseke woven sisal weave tray bowl storage decor tressé panier,basketry,Sisal,Musanze,57757,ART-18
SKU-1318,Huye Market Basket,Large woven market basket sisal carry bag tressé panier. basket agaseke woven sisal weave tray bowl storage decor tressé panier,basketry,Sisal,Huye,69722,ART-29
SKU-1319,Rubavu Decorative Bowl,Handwoven decorative bowl sisal basket home decor woven. basket agaseke woven sisal weave tray bowl storage decor tressé panier,basketry,Sisal,Kigali,10224,ART-28
SKU-1320,Kitenge Dress Kigali,Traditional African dress kitenge fabric women clothing fashion. dress shirt clothing apparel fabric kitenge cotton jacket skirt blouse top dashiki,apparel,Cotton,Gicumbi,47247,ART-39
SKU-1321,Rwandan Cotton Shirt,Handmade cotton shirt men top African print blouse. dress shirt clothing apparel fabric kitenge cotton jacket skirt blouse top dashiki,apparel,Cotton,Musanze,8390,ART-6
SKU-1322,Musanze Wrap Skirt,Cotton wrap skirt kitenge women fashion clothing. dress shirt clothing apparel fabric kitenge cotton jacket skirt blouse top dashiki,apparel,Cotton,Bugesera,7719,ART-49
SKU-1323,Rubavu Linen Jacket,Lightweight jacket cotton blazer men clothing. dress shirt clothing apparel fabric kitenge cotton jacket skirt blouse top dashiki,apparel,Cotton,Gicumbi,40325,ART-37
SKU-1324,Huye African Print Top,African print top blouse women kitenge fashion. dress shirt clothing apparel fabric kitenge cotton jacket skirt blouse top dashiki,apparel,Cotton,Kigali,27962,ART-31
SKU-1325,Kigali Dashiki Shirt,Dashiki shirt African men clothing cotton print. dress shirt clothing apparel fabric kitenge cotton jacket skirt blouse top dashiki,apparel,Cotton,Huye,62963,ART-18
SKU-1326,Bugesera Cotton Dress,Cotton dress women African fashion clothing kitenge. dress shirt clothing apparel fabric kitenge cotton jacket skirt blouse top dashiki,apparel,Cotton,Bugesera,62132,ART-41
SKU-1327,Beaded Necklace Kigali,Handmade beaded necklace African jewelry women accessory. necklace bracelet earrings ring jewelry jewellery beads accessory anklet choker,jewellery,Beads,Rubavu,16959,ART-31
SKU-1328,Rwandan Bead Bracelet,Traditional bead bracelet wrist jewelry colorful beads. necklace bracelet earrings ring jewelry jewellery beads accessory anklet choker,jewellery,Beads,Musanze,58523,ART-22
SKU-1329,Huye Bead Earrings,Handcrafted bead earrings African earrings jewelry women. necklace bracelet earrings ring jewelry jewellery beads accessory anklet choker,jewellery,Beads,Musanze,18710,ART-11
SKU-1330,Gicumbi Bead Ring,Beaded ring finger jewelry handmade accessory. necklace bracelet earrings ring jewelry jewellery beads accessory anklet choker,jewellery,Beads,Musanze,58955,ART-45
SKU-1331,Musanze Beaded Anklet,Handmade beaded anklet ankle jewelry women accessory beads. necklace bracelet earrings ring jewelry jewellery beads accessory anklet choker,jewellery,Beads,Rubavu,42777,ART-43
SKU-1332,Kigali Bead Choker,Beaded choker necklace jewelry women African accessory. necklace bracelet earrings ring jewelry jewellery beads accessory anklet choker,jewellery,Beads,Rubavu,9809,ART-30
SKU-1333,Clay Vase Bugesera,Handmade clay vase pottery home decoration Rwanda. vase bowl sculpture decoration pottery clay wood home decor art ceramic candle,home-decor,Clay,Kigali,46224,ART-17
SKU-1334,Rwandan Clay Bowl,Traditional clay bowl ceramic pot kitchen decor. vase bowl sculpture decoration pottery clay wood home decor art ceramic candle,home-decor,Clay,Musanze,20194,ART-50
SKU-1335,Musanze Wood Sculpture,Hand-carved wood sculpture home decor art Rwanda. vase bowl sculpture decoration pottery clay wood home decor art ceramic candle,home-decor,Clay,Rubavu,72449,ART-1
SKU-1336,Agaseke Wall Hanging,Decorative woven wall art sisal hanging home decor. vase bowl sculpture decoration pottery clay wood home decor art ceramic candle,home-decor,Clay,Gicumbi,65552,ART-27
SKU-1337,Kigali Ceramic Plate,Handmade ceramic plate clay pottery home decor. vase bowl sculpture decoration pottery clay wood home decor art ceramic candle,home-decor,Clay,Kigali,29586,ART-34
SKU-1338,Huye Woven Placemat,Handwoven sisal placemat table decor woven basket. vase bowl sculpture decoration pottery clay wood home decor art ceramic candle,home-decor,Clay,Musanze,70338,ART-41
SKU-1339,Rubavu Clay Candle Holder,Clay candle holder pottery home decor Rwanda handmade. vase bowl sculpture decoration pottery clay wood home decor art ceramic candle,home-decor,Clay,Rubavu,11764,ART-14
SKU-1340,Kigali Leather Boots,Handcrafted leather boots for men and women. leather boots shoes cowhide footwear. leather boots shoes sandals bag handbag belt wallet purse cowhide jacket backpack,leather,Leather,Musanze,22172,ART-19
SKU-1341,Nyamirambo Leather Sandals,Traditional sandals made from genuine cowhide. leather sandals open shoes. leather boots shoes sandals bag handbag belt wallet purse cowhide jacket backpack,leather,Leather,Rubavu,68532,ART-8
SKU-1342,Kigali Leather Handbag,Premium leather handbag shoulder bag purse women accessory. leather boots shoes sandals bag handbag belt wallet purse cowhide jacket backpack,leather,Leather,Kigali,36365,ART-46
SKU-1343,Huye Leather Belt,Genuine leather belt cowhide strap men accessory. leather boots shoes sandals bag handbag belt wallet purse cowhide jacket backpack,leather,Leather,Bugesera,45730,ART-36
SKU-1344,Musanze Leather Wallet,Slim leather wallet card holder purse men women. leather boots shoes sandals bag handbag belt wallet purse cowhide jacket backpack,leather,Leather,Kigali,58476,ART-6
SKU-1345,Kigali Leather Shoes,Formal leather shoes loafers dress shoes men women. leather boots shoes sandals bag handbag belt wallet purse cowhide jacket backpack,leather,Leather,Bugesera,19871,ART-30
SKU-1346,Rubavu Leather Jacket,Handmade leather jacket coat men women fashion. leather boots shoes sandals bag handbag belt wallet purse cowhide jacket backpack,leather,Leather,Kigali,25181,ART-32
SKU-1347,Gicumbi Leather Backpack,Leather backpack travel bag school bag unisex. leather boots shoes sandals bag handbag belt wallet purse cowhide jacket backpack,leather,Leather,Gicumbi,43254,ART-33
SKU-1348,Agaseke Peace Basket,Traditional agaseke basket woven peace basket Rwanda tressé panier. basket agaseke woven sisal weave tray bowl storage decor tressé panier,basketry,Sisal,Gicumbi,40838,ART-27
SKU-1349,Musanze Sisal Storage Basket,Handwoven sisal basket storage basket home decor woven tressé. basket agaseke woven sisal weave tray bowl storage decor tressé panier,basketry,Sisal,Rubavu,66894,ART-16
SKU-1350,Gicumbi Woven Tray,Decorative woven tray sisal placemat table decor panier. basket agaseke woven sisal weave tray bowl storage decor tressé panier,basketry,Sisal,Rubavu,23958,ART-25
SKU-1351,Bugesera Fruit Basket,Woven fruit basket kitchen basket bowl sisal agaseke. basket agaseke woven sisal weave tray bowl storage decor tressé panier,basketry,Sisal,Bugesera,71616,ART-48
SKU-1352,Huye Market Basket,Large woven market basket sisal carry bag tressé panier. basket agaseke woven sisal weave tray bowl storage decor tressé panier,basketry,Sisal,Bugesera,14150,ART-18
SKU-1353,Rubavu Decorative Bowl,Handwoven decorative bowl sisal basket home decor woven. basket agaseke woven sisal weave tray bowl storage decor tressé panier,basketry,Sisal,Rubavu,49548,ART-33
SKU-1354,Kitenge Dress Kigali,Traditional African dress kitenge fabric women clothing fashion. dress shirt clothing apparel fabric kitenge cotton jacket skirt blouse top dashiki,apparel,Cotton,Musanze,5336,ART-19
SKU-1355,Rwandan Cotton Shirt,Handmade cotton shirt men top African print blouse. dress shirt clothing apparel fabric kitenge cotton jacket skirt blouse top dashiki,apparel,Cotton,Gicumbi,44132,ART-38
SKU-1356,Musanze Wrap Skirt,Cotton wrap skirt kitenge women fashion clothing. dress shirt clothing apparel fabric kitenge cotton jacket skirt blouse top dashiki,apparel,Cotton,Huye,69178,ART-10
SKU-1357,Rubavu Linen Jacket,Lightweight jacket cotton blazer men clothing. dress shirt clothing apparel fabric kitenge cotton jacket skirt blouse top dashiki,apparel,Cotton,Rubavu,68483,ART-23
SKU-1358,Huye African Print Top,African print top blouse women kitenge fashion. dress shirt clothing apparel fabric kitenge cotton jacket skirt blouse top dashiki,apparel,Cotton,Musanze,54441,ART-30
SKU-1359,Kigali Dashiki Shirt,Dashiki shirt African men clothing cotton print. dress shirt clothing apparel fabric kitenge cotton jacket skirt blouse top dashiki,apparel,Cotton,Musanze,29727,ART-45
SKU-1360,Bugesera Cotton Dress,Cotton dress women African fashion clothing kitenge. dress shirt clothing apparel fabric kitenge cotton jacket skirt blouse top dashiki,apparel,Cotton,Bugesera,55196,ART-15
SKU-1361,Beaded Necklace Kigali,Handmade beaded necklace African jewelry women accessory. necklace bracelet earrings ring jewelry jewellery beads accessory anklet choker,jewellery,Beads,Rubavu,10720,ART-21
SKU-1362,Rwandan Bead Bracelet,Traditional bead bracelet wrist jewelry colorful beads. necklace bracelet earrings ring jewelry jewellery beads accessory anklet choker,jewellery,Beads,Gicumbi,66993,ART-46
SKU-1363,Huye Bead Earrings,Handcrafted bead earrings African earrings jewelry women. necklace bracelet earrings ring jewelry jewellery beads accessory anklet choker,jewellery,Beads,Rubavu,55604,ART-43
SKU-1364,Gicumbi Bead Ring,Beaded ring finger jewelry handmade accessory. necklace bracelet earrings ring jewelry jewellery beads accessory anklet choker,jewellery,Beads,Gicumbi,24936,ART-32
SKU-1365,Musanze Beaded Anklet,Handmade beaded anklet ankle jewelry women accessory beads. necklace bracelet earrings ring jewelry jewellery beads accessory anklet choker,jewellery,Beads,Kigali,21547,ART-33
SKU-1366,Kigali Bead Choker,Beaded choker necklace jewelry women African accessory. necklace bracelet earrings ring jewelry jewellery beads accessory anklet choker,jewellery,Beads,Huye,48515,ART-7
SKU-1367,Clay Vase Bugesera,Handmade clay vase pottery home decoration Rwanda. vase bowl sculpture decoration pottery clay wood home decor art ceramic candle,home-decor,Clay,Rubavu,18069,ART-34
SKU-1368,Rwandan Clay Bowl,Traditional clay bowl ceramic pot kitchen decor. vase bowl sculpture decoration pottery clay wood home decor art ceramic candle,home-decor,Clay,Rubavu,7011,ART-47
SKU-1369,Musanze Wood Sculpture,Hand-carved wood sculpture home decor art Rwanda. vase bowl sculpture decoration pottery clay wood home decor art ceramic candle,home-decor,Clay,Bugesera,58736,ART-42
SKU-1370,Agaseke Wall Hanging,Decorative woven wall art sisal hanging home decor. vase bowl sculpture decoration pottery clay wood home decor art ceramic candle,home-decor,Clay,Bugesera,14807,ART-31
SKU-1371,Kigali Ceramic Plate,Handmade ceramic plate clay pottery home decor. vase bowl sculpture decoration pottery clay wood home decor art ceramic candle,home-decor,Clay,Musanze,49375,ART-40
SKU-1372,Huye Woven Placemat,Handwoven sisal placemat table decor woven basket. vase bowl sculpture decoration pottery clay wood home decor art ceramic candle,home-decor,Clay,Gicumbi,57098,ART-42
SKU-1373,Rubavu Clay Candle Holder,Clay candle holder pottery home decor Rwanda handmade. vase bowl sculpture decoration pottery clay wood home decor art ceramic candle,home-decor,Clay,Kigali,48065,ART-44
SKU-1374,Kigali Leather Boots,Handcrafted leather boots for men and women. leather boots shoes cowhide footwear. leather boots shoes sandals bag handbag belt wallet purse cowhide jacket backpack,leather,Leather,Huye,54808,ART-21
SKU-1375,Nyamirambo Leather Sandals,Traditional sandals made from genuine cowhide. leather sandals open shoes. leather boots shoes sandals bag handbag belt wallet purse cowhide jacket backpack,leather,Leather,Gicumbi,68956,ART-35
SKU-1376,Kigali Leather Handbag,Premium leather handbag shoulder bag purse women accessory. leather boots shoes sandals bag handbag belt wallet purse cowhide jacket backpack,leather,Leather,Kigali,13968,ART-16
SKU-1377,Huye Leather Belt,Genuine leather belt cowhide strap men accessory. leather boots shoes sandals bag handbag belt wallet purse cowhide jacket backpack,leather,Leather,Gicumbi,42667,ART-15
SKU-1378,Musanze Leather Wallet,Slim leather wallet card holder purse men women. leather boots shoes sandals bag handbag belt wallet purse cowhide jacket backpack,leather,Leather,Gicumbi,16846,ART-28
SKU-1379,Kigali Leather Shoes,Formal leather shoes loafers dress shoes men women. leather boots shoes sandals bag handbag belt wallet purse cowhide jacket backpack,leather,Leather,Kigali,18173,ART-29
SKU-1380,Rubavu Leather Jacket,Handmade leather jacket coat men women fashion. leather boots shoes sandals bag handbag belt wallet purse cowhide jacket backpack,leather,Leather,Bugesera,44251,ART-2
SKU-1381,Gicumbi Leather Backpack,Leather backpack travel bag school bag unisex. leather boots shoes sandals bag handbag belt wallet purse cowhide jacket backpack,leather,Leather,Kigali,47516,ART-4
SKU-1382,Agaseke Peace Basket,Traditional agaseke basket woven peace basket Rwanda tressé panier. basket agaseke woven sisal weave tray bowl storage decor tressé panier,basketry,Sisal,Musanze,51984,ART-24
SKU-1383,Musanze Sisal Storage Basket,Handwoven sisal basket storage basket home decor woven tressé. basket agaseke woven sisal weave tray bowl storage decor tressé panier,basketry,Sisal,Rubavu,24080,ART-16
SKU-1384,Gicumbi Woven Tray,Decorative woven tray sisal placemat table decor panier. basket agaseke woven sisal weave tray bowl storage decor tressé panier,basketry,Sisal,Huye,59008,ART-37
SKU-1385,Bugesera Fruit Basket,Woven fruit basket kitchen basket bowl sisal agaseke. basket agaseke woven sisal weave tray bowl storage decor tressé panier,basketry,Sisal,Gicumbi,28600,ART-11
SKU-1386,Huye Market Basket,Large woven market basket sisal carry bag tressé panier. basket agaseke woven sisal weave tray bowl storage decor tressé panier,basketry,Sisal,Bugesera,15350,ART-40
SKU-1387,Rubavu Decorative Bowl,Handwoven decorative bowl sisal basket home decor woven. basket agaseke woven sisal weave tray bowl storage decor tressé panier,basketry,Sisal,Rubavu,36566,ART-32
SKU-1388,Kitenge Dress Kigali,Traditional African dress kitenge fabric women clothing fashion. dress shirt clothing apparel fabric kitenge cotton jacket skirt blouse top dashiki,apparel,Cotton,Huye,23758,ART-15
SKU-1389,Rwandan Cotton Shirt,Handmade cotton shirt men top African print blouse. dress shirt clothing apparel fabric kitenge cotton jacket skirt blouse top dashiki,apparel,Cotton,Rubavu,38289,ART-30
SKU-1390,Musanze Wrap Skirt,Cotton wrap skirt kitenge women fashion clothing. dress shirt clothing apparel fabric kitenge cotton jacket skirt blouse top dashiki,apparel,Cotton,Musanze,6231,ART-30
SKU-1391,Rubavu Linen Jacket,Lightweight jacket cotton blazer men clothing. dress shirt clothing apparel fabric kitenge cotton jacket skirt blouse top dashiki,apparel,Cotton,Musanze,25706,ART-5
SKU-1392,Huye African Print Top,African print top blouse women kitenge fashion. dress shirt clothing apparel fabric kitenge cotton jacket skirt blouse top dashiki,apparel,Cotton,Rubavu,50293,ART-38
SKU-1393,Kigali Dashiki Shirt,Dashiki shirt African men clothing cotton print. dress shirt clothing apparel fabric kitenge cotton jacket skirt blouse top dashiki,apparel,Cotton,Musanze,60615,ART-45
SKU-1394,Bugesera Cotton Dress,Cotton dress women African fashion clothing kitenge. dress shirt clothing apparel fabric kitenge cotton jacket skirt blouse top dashiki,apparel,Cotton,Musanze,64878,ART-20
SKU-1395,Beaded Necklace Kigali,Handmade beaded necklace African jewelry women accessory. necklace bracelet earrings ring jewelry jewellery beads accessory anklet choker,jewellery,Beads,Bugesera,55422,ART-31
SKU-1396,Rwandan Bead Bracelet,Traditional bead bracelet wrist jewelry colorful beads. necklace bracelet earrings ring jewelry jewellery beads accessory anklet choker,jewellery,Beads,Kigali,36091,ART-25
SKU-1397,Huye Bead Earrings,Handcrafted bead earrings African earrings jewelry women. necklace bracelet earrings ring jewelry jewellery beads accessory anklet choker,jewellery,Beads,Huye,52049,ART-37
SKU-1398,Gicumbi Bead Ring,Beaded ring finger jewelry handmade accessory. necklace bracelet earrings ring jewelry jewellery beads accessory anklet choker,jewellery,Beads,Musanze,43696,ART-2
SKU-1399,Musanze Beaded Anklet,Handmade beaded anklet ankle jewelry women accessory beads. necklace bracelet earrings ring jewelry jewellery beads accessory anklet choker,jewellery,Beads,Gicumbi,56879,ART-18
