query,global_best_match
panier tressé,Agaseke Peace Basket
jewlery beads,Beaded Necklace Kigali
bottes en cuir,Kigali Leather Boots
woven basket,Agaseke Peace Basket
kitenge dress,Kitenge Dress Kigali
agaseke basket,Agaseke Peace Basket
african dress,Kitenge Dress Kigali
sac à dos cuir,Gicumbi Leather Backpack
vase argile,Clay Vase Bugesera
kitenge dress,Kitenge Dress Kigali
agaseke basket Rwanda,Agaseke Peace Basket
cadeau en cuir pour femme,Kigali Leather Handbag
agaseke basket Rwanda,Agaseke Peace Basket
jewlery beads,Beaded Necklace Kigali
bascet agaseke,Agaseke Peace Basket
clay vase,Clay Vase Bugesera
agaseke basket,Agaseke Peace Basket
robe africaine,Kitenge Dress Kigali
panier tressé,Agaseke Peace Basket
leather jacket,Rubavu Leather Jacket
leather handbag,Kigali Leather Handbag
leather wallet,Musanze Leather Wallet
woven basket,Agaseke Peace Basket
sisal basket,Musanze Sisal Storage Basket
cadeau en cuir pour femme,Kigali Leather Handbag
impano yacu leather,Kigali Leather Handbag
leather backpack,Gicumbi Leather Backpack
afican dress,Kitenge Dress Kigali
afican dress,Kitenge Dress Kigali
impano yacu leather,Kigali Leather Handbag
bottes en cuir,Kigali Leather Boots
collier perles,Beaded Necklace Kigali
kitenge dress,Kitenge Dress Kigali
sac à dos cuir,Gicumbi Leather Backpack
leather boots,Kigali Leather Boots
leather wallet,Musanze Leather Wallet
vase argile,Clay Vase Bugesera
african shirt,Rwandan Cotton Shirt
lether bag,Kigali Leather Handbag
leather wallet,Musanze Leather Wallet
wood sculpture,Musanze Wood Sculpture
cadeau en cuir pour femme,Kigali Leather Handbag
sisal basket,Musanze Sisal Storage Basket
bottes en cuir,Kigali Leather Boots
leather boots,Kigali Leather Boots
kitenge dress,Kitenge Dress Kigali
robe africaine,Kitenge Dress Kigali
beaded necklace,Beaded Necklace Kigali
robe africaine,Kitenge Dress Kigali
leather sandals,Nyamirambo Leather Sandals
ceramic plate,Kigali Ceramic Plate
robe africaine,Kitenge Dress Kigali
impano yacu leather,Kigali Leather Handbag
african jewelry,Beaded Necklace Kigali
woven basket,Agaseke Peace Basket
bascet agaseke,Agaseke Peace Basket
sisal basket,Musanze Sisal Storage Basket
vase argile,Clay Vase Bugesera
collier perles,Beaded Necklace Kigali
leather boots,Kigali Leather Boots
impano yacu leather,Kigali Leather Handbag
lether botes,Kigali Leather Boots
panier tressé,Agaseke Peace Basket
leather shoes,Kigali Leather Shoes
leather wallet,Musanze Leather Wallet
bascet agaseke,Agaseke Peace Basket
ceramic plate,Kigali Ceramic Plate
african dress,Kitenge Dress Kigali
leather handbag,Kigali Leather Handbag
african dress,Kitenge Dress Kigali
inkweto z'uruhu,Kigali Leather Boots
leather jacket,Rubavu Leather Jacket
leather jacket,Rubavu Leather Jacket
panier tressé,Agaseke Peace Basket
leather backpack,Gicumbi Leather Backpack
vase argile,Clay Vase Bugesera
agaseke basket,Agaseke Peace Basket
agaseke basket,Agaseke Peace Basket
bracelet perles,Rwandan Bead Bracelet
sac à dos cuir,Gicumbi Leather Backpack
sisal basket,Musanze Sisal Storage Basket
kitenge dress,Kitenge Dress Kigali
collier perles,Beaded Necklace Kigali
impano yacu leather,Kigali Leather Handbag
cadeau en cuir pour femme,Kigali Leather Handbag
bead bracelet,Rwandan Bead Bracelet
vase argile,Clay Vase Bugesera
african jewelry,Beaded Necklace Kigali
ceramic plate,Kigali Ceramic Plate
jewlery beads,Beaded Necklace Kigali
bascet agaseke,Agaseke Peace Basket
sac à main cuir,Kigali Leather Handbag
collier perles,Beaded Necklace Kigali
sac à main cuir,Kigali Leather Handbag
leather wallet,Musanze Leather Wallet
african dress,Kitenge Dress Kigali
clay vase,Clay Vase Bugesera
leather backpack,Gicumbi Leather Backpack
lether bag,Kigali Leather Handbag
leather shoes,Kigali Leather Shoes
agaseke basket Rwanda,Agaseke Peace Basket
sac à dos cuir,Gicumbi Leather Backpack
clay vase,Clay Vase Bugesera
agaseke basket Rwanda,Agaseke Peace Basket
clay vase,Clay Vase Bugesera
leather boots,Kigali Leather Boots
leather backpack,Gicumbi Leather Backpack
leather handbag,Kigali Leather Handbag
clay vase,Clay Vase Bugesera
leather backpack,Gicumbi Leather Backpack
leather bag,Kigali Leather Handbag
lether bag,Kigali Leather Handbag
leather backpack,Gicumbi Leather Backpack
robe africaine,Kitenge Dress Kigali
african dress,Kitenge Dress Kigali
african shirt,Rwandan Cotton Shirt
panier tressé,Agaseke Peace Basket
bead bracelet,Rwandan Bead Bracelet
vase argile,Clay Vase Bugesera
agaseke basket,Agaseke Peace Basket
